{
  "total_return": 0.7136437606338525,
  "cagr": 0.1138887545288998,
  "sharpe_ratio": 1.8961816068681099,
  "max_drawdown": 0.2906240323062669,
  "win_rate": 0.5,
  "total_trades": 3325,
  "initial_nav": 99849.9141559179,
  "final_nav": 171107.1823931145,
  "bps": 0.8635768658752873
}